{"name": "s1", "mesh": {"attributes": {"name": "Mesh"}, "dva": {"x": 0.0, "y": 0.0, "z": 0.0}, "dea": {}, "dfa": {}, "vertex": {"0": {"x": 3.3333333333333335, "y": 0, "z": 1.0}, "1": {"x": 6.666666666666667, "y": 0, "z": 1.0}, "2": {"x": 6.666666666666667, "y": 0, "z": 2.0}, "3": {"x": 3.3333333333333335, "y": 0, "z": 2.0}, "4": {"x": 3.3333333333333335, "y": -1.0, "z": 1.0}, "5": {"x": 6.666666666666667, "y": -1.0, "z": 1.0}, "6": {"x": 6.666666666666667, "y": -1.0, "z": 2.0}, "7": {"x": 3.3333333333333335, "y": -1.0, "z": 2.0}}, "face": {"0": [0, 4, 7, 3], "1": [3, 7, 6, 2], "2": [2, 1, 5, 6]}, "facedata": {"0": {}, "1": {}, "2": {}}, "edgedata": {}, "max_vertex": 7, "max_face": 2}}